{"sections":{"featured_collection_VhD8jU":{"type":"featured-collection","disabled":true,"settings":{"title":"Featured collection","heading_size":"h1","description":"","show_description":false,"description_style":"body","collection":"","products_to_show":4,"columns_desktop":4,"full_width":false,"show_view_all":true,"view_all_style":"solid","enable_desktop_slider":false,"color_scheme":"","image_ratio":"adapt","image_shape":"default","show_secondary_image":false,"show_vendor":false,"show_rating":false,"enable_quick_add":false,"columns_mobile":"2","swipe_on_mobile":false,"padding_top":36,"padding_bottom":36}},"collection_list_TtypUJ":{"type":"collection-list","blocks":{"featured_collection_CUwdxW":{"type":"featured_collection","settings":{"collection":"branded-shirts"}},"featured_collection_A3tBCh":{"type":"featured_collection","settings":{"collection":"branded-pants"}}},"block_order":["featured_collection_CUwdxW","featured_collection_A3tBCh"],"settings":{"title":"Collections","heading_size":"h1","image_ratio":"square","columns_desktop":4,"color_scheme":"","show_view_all":false,"columns_mobile":"1","swipe_on_mobile":false,"padding_top":36,"padding_bottom":36}}},"order":["featured_collection_VhD8jU","collection_list_TtypUJ"]}